-- phpMyAdmin SQL Dump
-- version 4.7.7
-- https://www.phpmyadmin.net/
--
-- Hôte : localhost:8889
-- Généré le :  lun. 10 déc. 2018 à 11:20
-- Version du serveur :  5.6.38
-- Version de PHP :  7.2.1

SET SQL_MODE = "NO_AUTO_VALUE_ON_ZERO";
SET time_zone = "+00:00";

--
-- Base de données :  `ItesciaRecrut`
--

-- --------------------------------------------------------

--
-- Structure de la table `Admin-Pédagogie`
--

CREATE TABLE `Admin-Pédagogie` (
  `id_pedago` int(11) NOT NULL,
  `mdp_pedago` varchar(255) NOT NULL,
  `userName_padago` varchar(10) NOT NULL,
  `statut` text NOT NULL
) ENGINE=InnoDB DEFAULT CHARSET=utf8mb4;

-- --------------------------------------------------------

--
-- Structure de la table `answers`
--

CREATE TABLE `answers` (
  `id` int(11) NOT NULL,
  `question_id` int(11) NOT NULL,
  `content` text NOT NULL
) ENGINE=InnoDB DEFAULT CHARSET=utf8mb4;

--
-- Déchargement des données de la table `answers`
--

INSERT INTO `answers` (`id`, `question_id`, `content`) VALUES
(52, 16, 'D\'accord'),
(53, 16, 'Pas d\'accord'),
(54, 16, 'Je ne sais pas'),
(55, 16, ''),
(56, 16, ''),
(57, 17, 'D\'accord'),
(58, 17, 'Pas d\'accord'),
(59, 17, 'Je ne sais pas'),
(60, 17, ''),
(61, 17, ''),
(62, 18, 'D\'accord'),
(63, 18, 'Pas d\'accord'),
(64, 18, 'Je ne sais pas'),
(65, 18, ''),
(66, 18, ''),
(67, 19, 'D\'accord'),
(68, 19, 'Pas d\'accord'),
(69, 19, 'Je ne sais pas'),
(70, 19, ''),
(71, 19, ''),
(72, 20, 'D\'accord'),
(73, 20, 'Pas d\'accord'),
(74, 20, 'Je ne sais pas'),
(75, 20, ''),
(76, 20, ''),
(77, 21, 'D\'accord'),
(78, 21, 'Pas d\'accord'),
(79, 21, 'Je ne sais pas'),
(80, 21, ''),
(81, 21, ''),
(82, 22, 'D\'accord'),
(83, 22, 'Pas d\'accord'),
(84, 22, 'Je ne sais pas'),
(85, 22, ''),
(86, 22, ''),
(87, 23, 'D\'accord'),
(88, 23, 'Pas d\'accord'),
(89, 23, 'je ne sais pas'),
(90, 23, ''),
(91, 23, ''),
(92, 24, 'D\'accord'),
(93, 24, 'Pas d\'accord'),
(94, 24, 'Je ne sais pas'),
(95, 24, ''),
(96, 24, ''),
(97, 25, 'D\'accord'),
(98, 25, 'Pas d\'accord'),
(99, 25, 'Je ne sais pas'),
(100, 25, ''),
(101, 25, ''),
(102, 26, 'D\'accord'),
(103, 26, 'Pas d\'accord'),
(104, 26, 'Je ne sais pas'),
(105, 26, ''),
(106, 26, ''),
(107, 27, 'D\'accord'),
(108, 27, 'Pas d\'accord'),
(109, 27, 'Je ne sais pas'),
(110, 27, ''),
(111, 27, ''),
(112, 28, 'D\'accord'),
(113, 28, 'Pas d\'accord'),
(114, 28, 'Je ne sais pas'),
(115, 28, ''),
(116, 28, ''),
(117, 29, 'D\'accord'),
(118, 29, 'Pas d\'accord'),
(119, 29, 'Je ne sais pas'),
(120, 29, ''),
(121, 29, ''),
(122, 30, 'D\'accord'),
(123, 30, 'Pas d\'accord'),
(124, 30, 'Je ne sais pas'),
(125, 30, ''),
(126, 30, ''),
(127, 31, 'D\'accord'),
(128, 31, 'Pas d\'accord'),
(129, 31, 'Je ne sais pas'),
(130, 31, ''),
(131, 31, ''),
(132, 32, 'D\'accord'),
(133, 32, 'Pas d\'accord'),
(134, 32, 'Je ne sais pas'),
(135, 32, ''),
(136, 32, ''),
(137, 33, 'D\'accord'),
(138, 33, 'Pas d\'accord'),
(139, 33, 'Je ne sais pas'),
(140, 33, ''),
(141, 33, ''),
(142, 34, 'D\'accord'),
(143, 34, 'Pas d\'accord'),
(144, 34, 'Je ne sais pas'),
(145, 34, ''),
(146, 34, ''),
(147, 35, 'D\'accord'),
(148, 35, 'Pas d\'accord'),
(149, 35, 'Je ne sais pas'),
(150, 35, ''),
(151, 35, ''),
(152, 36, 'D\'accord'),
(153, 36, 'Pas d\'accord'),
(154, 36, 'Je ne sais pas'),
(155, 36, ''),
(156, 36, ''),
(157, 37, 'D\'accord'),
(158, 37, 'Pas d\'accord'),
(159, 37, 'Je ne sais pas'),
(160, 37, ''),
(161, 37, ''),
(162, 38, 'D\'accord'),
(163, 38, 'Pas d\'accord'),
(164, 38, 'Je ne sais pas'),
(165, 38, ''),
(166, 38, ''),
(167, 39, 'D\'accord'),
(168, 39, 'Pas d\'accord'),
(169, 39, 'Je ne sais pas'),
(170, 39, ''),
(171, 39, ''),
(172, 40, 'D\'accord'),
(173, 40, 'Pas d\'accord'),
(174, 40, 'Je ne sais pas'),
(175, 40, ''),
(176, 40, ''),
(177, 41, 'D\'accord'),
(178, 41, 'Pas d\'accord'),
(179, 41, 'Je ne sais pas'),
(180, 41, ''),
(181, 41, ''),
(182, 42, 'D\'accord'),
(183, 42, 'Pas d\'accord'),
(184, 42, 'Je ne sais pas'),
(185, 42, ''),
(186, 42, ''),
(187, 43, 'D\'accord'),
(188, 43, 'Pas d\'accord'),
(189, 43, 'Je ne sais pas'),
(190, 43, ''),
(191, 43, ''),
(192, 44, 'D\'accord'),
(193, 44, 'Pas d\'accord'),
(194, 44, 'Je ne sais pas'),
(195, 44, ''),
(196, 44, ''),
(197, 45, 'D\'accord'),
(198, 45, 'Pas d\'accord'),
(199, 45, 'Je ne sais pas'),
(200, 45, ''),
(201, 45, ''),
(202, 46, 'Intrusion'),
(203, 46, 'Mélange'),
(204, 46, 'Invitation'),
(205, 46, 'Urine'),
(206, 46, ''),
(207, 47, 'Montrer'),
(208, 47, 'Détester'),
(209, 47, 'Greffer'),
(210, 47, 'Coudre'),
(211, 47, ''),
(212, 48, 'Altruisme'),
(213, 48, 'Atavisme'),
(214, 48, 'Succession'),
(215, 48, 'Ancêtre'),
(216, 48, ''),
(217, 49, 'Examiner'),
(218, 49, 'Se développer'),
(219, 49, 'Envisager'),
(220, 49, 'Espérer'),
(221, 49, ''),
(222, 50, 'Supprimer'),
(223, 50, 'Niveler'),
(224, 50, 'Dératiser'),
(225, 50, 'Démissionner'),
(226, 50, ''),
(227, 51, 'Spéculation'),
(228, 51, 'Clause'),
(229, 51, 'Manœuvre'),
(230, 51, 'Marque'),
(231, 51, ''),
(232, 52, 'Arrivé'),
(233, 52, 'Certain'),
(234, 52, 'Infirmé'),
(235, 52, 'Validé'),
(236, 52, 'Antérieur'),
(237, 53, 'Spéculation'),
(238, 53, 'Clause'),
(239, 53, 'Manœuvre'),
(240, 53, 'Marque'),
(241, 53, 'Feinte'),
(242, 54, 'Configuration'),
(243, 54, 'Circonstance'),
(244, 54, 'Habitude'),
(245, 54, 'Structurel'),
(246, 54, 'Hypothèse'),
(247, 55, 'Moral'),
(248, 55, 'Décharné'),
(249, 55, 'Habituel'),
(250, 55, 'Dévoyé'),
(251, 55, 'Aucune'),
(252, 56, 'Relié'),
(253, 56, 'Répétitif'),
(254, 56, 'Indiqué'),
(255, 56, 'Accompli'),
(256, 56, 'Aucune'),
(257, 57, 'Soulagement'),
(258, 57, 'Solidification'),
(259, 57, 'Support'),
(260, 57, 'Balcon'),
(261, 57, 'Ombre'),
(262, 58, 'Manœuvre'),
(263, 58, 'Police'),
(264, 58, 'Barrage'),
(265, 58, 'Mobilisation'),
(266, 58, 'Pillage'),
(267, 59, 'Serpent'),
(268, 59, 'Crustacé'),
(269, 59, 'Mammifère'),
(270, 59, 'Fruit exotique'),
(271, 59, 'Plat'),
(272, 60, 'Isolement'),
(273, 60, 'Monologue'),
(274, 60, 'Vase'),
(275, 60, 'Prologue'),
(276, 60, 'Chant'),
(277, 61, 'Grenier'),
(278, 61, 'Fleur'),
(279, 61, 'Opacité'),
(280, 61, 'Orangé'),
(281, 61, 'Poisson'),
(282, 62, 'campagnarde'),
(283, 62, 'débutante'),
(284, 62, 'moderne'),
(285, 62, 'médiocre'),
(286, 62, ''),
(287, 63, 'acrimonieux'),
(288, 63, 'mielleux'),
(289, 63, 'perçant'),
(290, 63, 'violent'),
(291, 63, ''),
(292, 64, 'inqualifiables'),
(293, 64, 'immenses'),
(294, 64, 'fâcheuses'),
(295, 64, 'importantes'),
(296, 64, ''),
(297, 65, 'goût'),
(298, 65, 'aversion'),
(299, 65, 'facilité'),
(300, 65, 'dégoût'),
(301, 65, ''),
(302, 66, 'rémunérateur'),
(303, 66, 'reconnu'),
(304, 66, 'ennuyeux'),
(305, 66, 'généreux'),
(306, 66, ''),
(307, 67, 'économe'),
(308, 67, 'méthodique'),
(309, 67, 'ciblée'),
(310, 67, 'planifiée'),
(311, 67, ''),
(312, 68, 'héréditaire'),
(313, 68, 'incompréhensible'),
(314, 68, 'invalidante'),
(315, 68, 'défectueuse'),
(316, 68, ''),
(317, 69, 'draconiennes'),
(318, 69, 'souples'),
(319, 69, 'onéreuses'),
(320, 69, 'graves'),
(321, 69, ''),
(322, 70, 'émouvantes'),
(323, 70, 'douloureuses'),
(324, 70, 'en suspens'),
(325, 70, 'inadaptées'),
(326, 70, ''),
(327, 71, 'serviles'),
(328, 71, 'méprisantes'),
(329, 71, 'glaçantes'),
(330, 71, 'morbides'),
(331, 71, ''),
(332, 72, 'orthographe correcte'),
(333, 72, '1 erreur'),
(334, 72, ' 2 erreurs'),
(335, 72, 'plus de 2 erreurs'),
(336, 72, ''),
(337, 73, 'orthographe correcte'),
(338, 73, '1 erreur'),
(339, 73, '2 erreurs'),
(340, 73, 'plus de 2 erreurs'),
(341, 73, ''),
(342, 74, 'orthographe correcte'),
(343, 74, '1 erreur'),
(344, 74, '2 erreurs'),
(345, 74, 'plus de 2 erreurs'),
(346, 74, ''),
(347, 75, 'orthographe correcte'),
(348, 75, '1 erreur'),
(349, 75, '2 erreurs'),
(350, 75, 'plus de 2 erreurs'),
(351, 75, ''),
(352, 76, 'orthographe correcte'),
(353, 76, '1 erreur'),
(354, 76, '2 erreurs'),
(355, 76, 'plus de 2 erreurs'),
(356, 76, ''),
(357, 77, '6'),
(358, 77, '7'),
(359, 77, '8'),
(360, 77, '10'),
(361, 77, '936'),
(362, 78, '1,92 €'),
(363, 78, '2,10 €'),
(364, 78, '2,25 €'),
(365, 78, '2,40 €'),
(366, 78, '1,98 €'),
(367, 79, 'rien'),
(368, 79, '1/60'),
(369, 79, '1/12'),
(370, 79, '20%'),
(371, 79, 'ce partage est impossible'),
(372, 80, '10 €'),
(373, 80, '1/6 de 300 €'),
(374, 80, '0 €'),
(375, 80, '55 €'),
(376, 80, '40 €'),
(377, 81, '12,5 €'),
(378, 81, '12,90 €'),
(379, 81, '13,20 €'),
(380, 81, '13,90 €'),
(381, 81, '14,40 €'),
(382, 82, '+ de 85 jours'),
(383, 82, '– de 90 jours'),
(384, 82, '+ de 236 jours'),
(385, 82, '+ de 300 jours'),
(386, 82, '– de 365 jours'),
(387, 83, '45 km/h'),
(388, 83, '72 km/h'),
(389, 83, '75 km/h'),
(390, 83, '80 km/h'),
(391, 83, '85 km/h'),
(392, 84, '20'),
(393, 84, '30'),
(394, 84, '31'),
(395, 84, '32'),
(396, 84, '34'),
(397, 85, '12'),
(398, 85, '21'),
(399, 85, '30'),
(400, 85, '34'),
(401, 85, '38'),
(402, 86, '1'),
(403, 86, '100'),
(404, 86, '130'),
(405, 86, '169'),
(406, 86, '1,89'),
(407, 87, '3 dirhams'),
(408, 87, '4 dirhams'),
(409, 87, '9 dirhams'),
(410, 87, '17 dirhams'),
(411, 87, '19 dirhams'),
(412, 88, '19 900 €'),
(413, 88, '20 000 €'),
(414, 88, '22 100 €'),
(415, 88, '23 200 €'),
(416, 88, '25 500 €'),
(417, 89, '23'),
(418, 89, '21'),
(419, 89, '20'),
(420, 89, '19'),
(421, 89, '18'),
(422, 90, '76 km'),
(423, 90, '186 km'),
(424, 90, '232 km'),
(425, 90, '264 km'),
(426, 90, '286 km'),
(427, 91, '2'),
(428, 91, '1,75'),
(429, 91, '1,5'),
(430, 91, '1,25'),
(431, 91, '1,2'),
(432, 92, '2'),
(433, 92, '1,75'),
(434, 92, '1,5'),
(435, 92, '1,25'),
(436, 92, '1,2'),
(437, 93, '2'),
(438, 93, '1,75'),
(439, 93, '1,5'),
(440, 93, '1,25'),
(441, 93, '1,2'),
(442, 94, '2'),
(443, 94, '1,75'),
(444, 94, '1,5'),
(445, 94, '1,25'),
(446, 94, '1,2'),
(447, 95, '2'),
(448, 95, '1,75'),
(449, 95, '1,5'),
(450, 95, '1,25'),
(451, 95, '1,2'),
(452, 96, '2'),
(453, 96, '1,75'),
(454, 96, '1,5'),
(455, 96, '1,25'),
(456, 96, '1,2'),
(457, 97, '2'),
(458, 97, '1,75'),
(459, 97, '1,5'),
(460, 97, '1,25'),
(461, 97, '1,2'),
(462, 98, '2'),
(463, 98, '1,75'),
(464, 98, '1,5'),
(465, 98, '1,25'),
(466, 98, '1,2'),
(467, 99, '2'),
(468, 99, '1,75'),
(469, 99, '1,5'),
(470, 99, '1,25'),
(471, 99, '1,2'),
(472, 100, '2'),
(473, 100, '1,75'),
(474, 100, '1,5'),
(475, 100, '1,25'),
(476, 100, '1,2'),
(477, 101, '2'),
(478, 101, '1,75'),
(479, 101, '1,5'),
(480, 101, '1,25'),
(481, 101, '1,2'),
(482, 102, '2'),
(483, 102, '1,75'),
(484, 102, '1,5'),
(485, 102, '1,25'),
(486, 102, '1,2'),
(487, 103, '2'),
(488, 103, '1,75'),
(489, 103, '1,5'),
(490, 103, '1,25'),
(491, 103, '1,2'),
(492, 104, '2'),
(493, 104, '1,75'),
(494, 104, '1,5'),
(495, 104, '1,25'),
(496, 104, '1,2'),
(497, 105, '2'),
(498, 105, '1,75'),
(499, 105, '1,5'),
(500, 105, '1,25'),
(501, 105, '1,2'),
(502, 106, '2'),
(503, 106, '1,75'),
(504, 106, '1,5'),
(505, 106, '1,25'),
(506, 106, '1,2'),
(507, 107, '2'),
(508, 107, '1,75'),
(509, 107, '1,5'),
(510, 107, '1,25'),
(511, 107, '1,2'),
(512, 108, '2'),
(513, 108, '1,75'),
(514, 108, '1,5'),
(515, 108, '1,25'),
(516, 108, '1,2'),
(517, 109, '2'),
(518, 109, '1,75'),
(519, 109, '1,5'),
(520, 109, '1,25'),
(521, 109, '1,2'),
(522, 110, '2'),
(523, 110, '1,75'),
(524, 110, '1,5'),
(525, 110, '1,25'),
(526, 110, '1,2'),
(527, 111, '2'),
(528, 111, '1,75'),
(529, 111, '1,5'),
(530, 111, '1,25'),
(531, 111, '1,2'),
(532, 112, '2'),
(533, 112, '1,75'),
(534, 112, '1,5'),
(535, 112, '1,25'),
(536, 112, '1,2'),
(537, 113, '2'),
(538, 113, '1,75'),
(539, 113, '1,5'),
(540, 113, '1,25'),
(541, 113, '1,2'),
(542, 114, '2'),
(543, 114, '1,75'),
(544, 114, '1,5'),
(545, 114, '1,25'),
(546, 114, '1,2'),
(547, 115, '2'),
(548, 115, '1,75'),
(549, 115, '1,5'),
(550, 115, '1,25'),
(551, 115, '1,2'),
(552, 116, '2'),
(553, 116, '1,75'),
(554, 116, '1,5'),
(555, 116, '1,25'),
(556, 116, '1,2'),
(557, 117, '2'),
(558, 117, '1,75'),
(559, 117, '1,5'),
(560, 117, '1,25'),
(561, 117, '1,2'),
(562, 118, '2'),
(563, 118, '1,75'),
(564, 118, '1,5'),
(565, 118, '1,25'),
(566, 118, '1,2'),
(567, 119, '2'),
(568, 119, '1,75'),
(569, 119, '1,5'),
(570, 119, '1,25'),
(571, 119, '1,2'),
(572, 120, '2'),
(573, 120, '1,75'),
(574, 120, '1,5'),
(575, 120, '1,25'),
(576, 120, '1,2'),
(577, 121, '2'),
(578, 121, '1,75'),
(579, 121, '1,5'),
(580, 121, '1,25'),
(581, 121, '1,2'),
(582, 122, 'Un accord de volonté entre la partie qui représente les intérêts des salariés et la partie patronale'),
(583, 122, 'Un texte qui est spécialisé sur un ou plusieurs points précis uniquement'),
(584, 122, 'Un accord qui traite de l’ensemble des questions relatives aux rapports de travail c’est-à-dire au salaire, au temps de travail, congés payés, etc.'),
(585, 122, 'un texte rédigé unilatéralement par les dirigeants d’une entreprise en vue de définir les conditions de travail, l’hygiène, la sécurité et la discipline\r\n'),
(586, 122, ''),
(587, 123, 'NON, il est facultatif\r\n'),
(588, 123, 'OUI, il l’a toujours été'),
(589, 123, 'OUI, depuis l’accord National Interprofessionnel du 5 décembre 2003'),
(590, 123, 'NON, sauf pour les entreprises de plus de 300 salariés'),
(591, 123, ''),
(592, 124, 'De parler des problèmes rencontrés par le salarié dans l’entreprise'),
(593, 124, 'De parler des évolutions du poste occupé par le salarié'),
(594, 124, 'De parler de l’avenir de l’entreprise, ses objectifs, ses projets'),
(595, 124, 'De recenser les besoins de formation d’un salarié, le rendre acteur de son évolution professionnelle'),
(596, 124, ''),
(597, 125, 'La liste des points faibles et des points forts du salarié dans son poste'),
(598, 125, 'C’est une fiche universelle qui définit un poste type, valable pour toutes les entreprises, dans tous les domaines'),
(599, 125, 'Une description du poste exercé par un salarié dans une structure donnée, de ses missions et compétences liées'),
(600, 125, 'C’est une annonce produite par l’entreprise pour recruter un salarié'),
(601, 125, ''),
(602, 126, 'C’est une formation proposée au salarié pendant toute sa vie professionnelle (hebdomadaire, mensuelle ou annuelle)'),
(603, 126, 'Elle permet aux personnes qui sont déjà dans la vie active de pouvoir continuer à se former pour améliorer leurs compétences'),
(604, 126, 'C’est lorsqu’une personne se forme théoriquement (en école) et de façon pratique (emploi) simultanément (exemple : apprentissage, alternance, stage, …)'),
(605, 126, 'C’est une formation suivie par un salarié qui ne s’arrête jamais'),
(606, 126, ''),
(607, 127, 'A déterminer les actions à mettre en œuvre dans un objectif de 3 à 5 ans, pour faire face aux évolutions d’effectifs, tout en répondant aux besoins de l’entreprise'),
(608, 127, 'A anticiper l’adaptation des compétences aux emplois'),
(609, 127, 'A mieux gérer les carrières'),
(610, 127, 'A rien'),
(611, 127, ''),
(612, 128, 'Les absences et retards'),
(613, 128, 'Le turn-over'),
(614, 128, 'Les congés maladie'),
(615, 128, 'Les réunions d’équipes'),
(616, 128, ''),
(617, 129, 'Cela consiste pour un salarié à changer de poste et/ou de grade, dans une même branche professionnelle ou dans une autre'),
(618, 129, 'Cela consiste pour un salarié à intégrer une filiale de l’entreprise à l’étranger'),
(619, 129, 'Cela consiste pour un salarié à se déplacer sur une zone géographique plus ou moins étendue pour accomplir son travail'),
(620, 129, 'Cela consiste pour un salarié à changer de bureau'),
(621, 129, ''),
(622, 130, 'la satisfaction des actionnaires de l’organisme'),
(623, 130, 'la fiabilité du produit'),
(624, 130, 'l’aptitude à satisfaire des exigences'),
(625, 130, 'l’absence de défaut pendant la période de garantie'),
(626, 130, ''),
(627, 131, 'la qualité est un idéal inaccessible'),
(628, 131, 'la qualité est basée sur le seul savoir-faire des individus'),
(629, 131, 'la qualité est antinomique avec l’efficacité'),
(630, 131, 'lorsqu’un organisme est certifié ISO 9001, le client est certain de la qualité de ses produits'),
(631, 131, 'l’assurance qualité consiste au contrôle du produit avant livraison'),
(632, 132, 'un ensemble de pratiques qui, une fois décrites, permettent leur amélioration continue'),
(633, 132, 'une suite d’activités transformant les entrées en sorties'),
(634, 132, 'toute activité qui contribue à la satisfaction des clients'),
(635, 132, 'un procédé de fabrication'),
(636, 132, ''),
(637, 133, 'dès lors qu’un processus existe dans un organisme, il convient de le documenter'),
(638, 133, 'par delà les processus identifiés par l’ISO 9001, l’organisme doit déterminer quels sont ses processus nécessaires et les documenter'),
(639, 133, 'seules les procédures identifiées explicitement par l’ISO 9001 peuvent être demandées par l’auditeur externe'),
(640, 133, 'seules les procédures identifiées explicitement par l’ISO 9001 ou ayant un impact direct sur la satisfaction du client peuvent être demandées par l’auditeur externe'),
(641, 133, ''),
(642, 134, 'les rapports d’audits internes'),
(643, 134, 'la liste des clients'),
(644, 134, 'le manuel qualité'),
(645, 134, 'la politique qualité et les objectifs qualité'),
(646, 134, ''),
(647, 135, 'mesurer l’efficacité d’un processus'),
(648, 135, 'aider à la décision entre deux alternatives'),
(649, 135, 'utiliser le même jargon que les managers pour être compris d’eux'),
(650, 135, 'identifier les 20% de causes de défaut générant 80% des défaillances'),
(651, 135, ''),
(652, 136, 'l’analyse d’un processus'),
(653, 136, 'cerner complètement un problème pour mieux analyser en suite ses causes'),
(654, 136, 'structurer une séance de remue-méninges (brainstorming)'),
(655, 136, 'définir les modalités d’un plan d’action'),
(656, 136, 'Peut avoir pour objet chacun des quatre précédents'),
(657, 137, 'se retirer si cela ne met pas autrui en danger'),
(658, 137, 'courir ou faire des vidéos pour les réseaux sociaux'),
(659, 137, 'rester tant que l’alerte n’est pas donnée'),
(660, 137, 'prévenir immédiatement le responsable sur le lieu de travail'),
(661, 137, 'Ne pas alerter du danger'),
(662, 138, 'RNC = Excédent brut d’exploitation – Impôt sur le revenu (IRPP) catégorie BIC'),
(663, 138, 'RNC = Résultat brut d’exploitation + Résultat financier – Impôt & taxes'),
(664, 138, 'RNC = Réserve légale – Report à nouveau – Impôt sur les sociétés'),
(665, 138, 'RNC = Produit d’exploitation – Charges d’exploitation – Impôt sur les sociétés'),
(666, 138, ''),
(667, 139, 'les emprunts'),
(668, 139, 'la banque'),
(669, 139, 'les terrains'),
(670, 139, 'les impôts et taxes'),
(671, 139, ''),
(672, 140, 'à l’actif du bilan, dans la colonne « dépréciation »'),
(673, 140, 'au passif du bilan, dans la rubrique « capitaux propres »'),
(674, 140, 'dans le compte de résultat, dans les « dotations aux amortissements et dépréciations »'),
(675, 140, 'dans le compte de résultat, dans les « variations des en-cours de production de biens »'),
(676, 140, ''),
(677, 141, 'qu’il a été cédé au cours de l’année'),
(678, 141, 'qu’il est intégralement amorti'),
(679, 141, 'qu’il a été acquis à titre gratuit'),
(680, 141, 'qu’il a été détruit par des inondations'),
(681, 141, ''),
(682, 142, 'l’importance des montants'),
(683, 142, 'l’ancienneté des dettes'),
(684, 142, 'la liquidité'),
(685, 142, 'l’exigibilité'),
(686, 142, ''),
(687, 143, 'de déterminer le résultat comptable'),
(688, 143, 'de calculer l’IS pour l’exercice en cours'),
(689, 143, 'de construire le compte de résultat'),
(690, 143, 'de vérifier si les mouvements du livre-journal sont corrects'),
(691, 143, ''),
(692, 144, 'la déclaration douanière valable au sein de l’UE uniquement'),
(693, 144, 'le titre de transit pour les marchandises hors UE'),
(694, 144, 'la déclaration à faire auprès de l’OEI'),
(695, 144, ' l’impôt sur le revenu des sportifs de haut niveau'),
(696, 144, '');

-- --------------------------------------------------------

--
-- Structure de la table `Candidates`
--

CREATE TABLE `Candidates` (
  `id_candidate` int(11) NOT NULL,
  `pseudo` varchar(255) NOT NULL,
  `mail_candidate` varchar(255) NOT NULL,
  `mdp_candidate` text NOT NULL,
  `firstName_candidat` varchar(15) NOT NULL,
  `lastName_candidate` varchar(15) NOT NULL,
  `tel_candidate` int(11) NOT NULL,
  `birthday` int(11) NOT NULL,
  `level_candidate` varchar(10) NOT NULL,
  `field_candidate` varchar(15) NOT NULL,
  `chosen_class_candidate` varchar(10) NOT NULL,
  `score_candidate` int(11) NOT NULL,
  `score_psy_candidate` int(11) NOT NULL,
  `score_job` int(11) NOT NULL,
  `score_culture` int(11) NOT NULL
) ENGINE=InnoDB DEFAULT CHARSET=utf8mb4;

--
-- Déchargement des données de la table `Candidates`
--

INSERT INTO `Candidates` (`id_candidate`, `pseudo`, `mail_candidate`, `mdp_candidate`, `firstName_candidat`, `lastName_candidate`, `tel_candidate`, `birthday`, `level_candidate`, `field_candidate`, `chosen_class_candidate`, `score_candidate`, `score_psy_candidate`, `score_job`, `score_culture`) VALUES
(1, 'inscrit', 'coco@gmail.com', '7110eda4d09e062aa5e4a390b0a572ac0d2c0220', '', '', 0, 0, '', '', '', 0, 0, 0, 0),
(2, 'inscrit', 'coco@gmail.com', '7110eda4d09e062aa5e4a390b0a572ac0d2c0220', '', '', 0, 0, '', '', '', 0, 0, 0, 0),
(3, 'essai', 'fleur@gmail.com', '71891a7c7c2e96420053607aa07c4dab7a2b2749', '', '', 0, 0, '', '', '', 0, 0, 0, 0),
(4, 'student', 'student@gmail.com', '204036a1ef6e7360e536300ea78c6aeb4a9333dd', '', '', 0, 0, '', '', '', 0, 0, 0, 0),
(5, 'candidat', 'candidat@gmail.com', '9614ecb14b403b7e6a0e86a211c3d34faf1b07de', '', '', 0, 0, '', '', '', 0, 0, 0, 0),
(6, 'candidat', 'candidat@gmail.com', '9614ecb14b403b7e6a0e86a211c3d34faf1b07de', '', '', 0, 0, '', '', '', 0, 0, 0, 0),
(7, 'Umi', 'umi@gmail.com', 'a76eeafbdc77be849425f0dfe2d6a3b2058b1075', '', '', 0, 0, '', '', '', 0, 0, 0, 0),
(8, 'Umi', 'umi@gmail.com', 'a76eeafbdc77be849425f0dfe2d6a3b2058b1075', '', '', 0, 0, '', '', '', 0, 0, 0, 0),
(9, 'Umi', 'umi@gmail.com', 'a76eeafbdc77be849425f0dfe2d6a3b2058b1075', '', '', 0, 0, '', '', '', 0, 0, 0, 0),
(10, 'Zoomi', 'zoomi@gmail.com', 'e13b5233f96c1b75b8e7229fbfcec9190606214e', '', '', 0, 0, '', '', '', 0, 0, 0, 0),
(11, 'Zoomi', 'zoomi@gmail.com', 'e13b5233f96c1b75b8e7229fbfcec9190606214e', '', '', 0, 0, '', '', '', 0, 0, 0, 0),
(12, 'anto', 'anto@gmail.com', '1d7d66c901289d714228f527c340472e361d74a3', '', '', 0, 0, '', '', '', 0, 0, 0, 0),
(13, 'anto', 'anto@gmail.com', '1d7d66c901289d714228f527c340472e361d74a3', '', '', 0, 0, '', '', '', 0, 0, 0, 0),
(14, 'Steph', 'steph@gmail.com', '231f49f56b8ec8e0a336e109623e430eb92877f2', '', '', 0, 0, '', '', '', 0, 0, 0, 0),
(15, 'Steph', 'steph@gmail.com', '231f49f56b8ec8e0a336e109623e430eb92877f2', '', '', 0, 0, '', '', '', 0, 0, 0, 0),
(16, 'un-super-candidat', 'super@gmail.com', '7110eda4d09e062aa5e4a390b0a572ac0d2c0220', '', '', 0, 0, '', '', '', 0, 0, 0, 0),
(17, 'super-candidat', 'super@gmail.com', '8451ba8a14d79753d34cb33b51ba46b4b025eb81', '', '', 0, 0, '', '', '', 0, 0, 0, 0);

-- --------------------------------------------------------

--
-- Structure de la table `metier`
--

CREATE TABLE `metier` (
  `id` int(11) NOT NULL,
  `filiere` enum('bts_sio','bts_cg','dcg','dscg','rhh','gestion','qhse','miqpe') NOT NULL
) ENGINE=InnoDB DEFAULT CHARSET=utf8mb4;

-- --------------------------------------------------------

--
-- Structure de la table `questions`
--

CREATE TABLE `questions` (
  `id` int(11) NOT NULL,
  `id_metier` int(11) NOT NULL,
  `content` text NOT NULL,
  `type` enum('culture','psy','personalite','metier') NOT NULL
) ENGINE=InnoDB DEFAULT CHARSET=utf8mb4;

--
-- Déchargement des données de la table `questions`
--

INSERT INTO `questions` (`id`, `id_metier`, `content`, `type`) VALUES
(16, 0, 'Vous recherchez la vie en groupe.', 'personalite'),
(17, 0, 'Vous n’aimez pas arriver en retard à vos rendez-vous.', 'personalite'),
(18, 0, 'Se conformer au règlement n’est pas toujours justifié.', 'personalite'),
(19, 0, 'En général, vous aimez bien planifier les choses à l’avance.', 'personalite'),
(20, 0, 'Vous pensez que la discrétion est une qualité secondaire dans la plupart des domaines professionnels.', 'personalite'),
(21, 0, 'Vous êtes facilement frustré quand des contraintes extérieures vous sont imposées.', 'personalite'),
(22, 0, 'Vous trouvez normal que des conducteurs valides très pressés stationnent sur des places réservées aux personnes handicapées.', 'personalite'),
(23, 0, 'Vous préférez écouter de la musique chez vous à sortir avec un groupe d’amis.', 'personalite'),
(24, 0, 'Vous ne payeriez pas souvent votre titre de transport s’il y avait moins de contrôleurs.', 'personalite'),
(25, 0, 'Vous n’êtes pas très bavard lorsque vous êtes dans un groupe.', 'personalite'),
(26, 0, 'Vous êtes une personne sur qui on peut toujours compter.', 'personalite'),
(27, 0, 'En présence d’autres personnes vous êtes à l’aise et décontracté.', 'personalite'),
(28, 0, 'En toute situation, l’application des procédures garantir la sécurité.', 'personalite'),
(29, 0, 'Vous reportez souvent au lendemain des choses que vous auriez pu effectuer aujourd’hui.', 'personalite'),
(30, 0, 'Vous aimez bien qu’on vous dise ce que vous devez faire dans votre travail.', 'personalite'),
(31, 0, 'Il est important qu’il y ait des supérieurs hiérarchiques.', 'personalite'),
(32, 0, 'Le plus important n’est pas de s’appliquer au travail mais de terminer la tâche.', 'personalite'),
(33, 0, 'Vous renoncez souvent devant une tâche exigeant une concentration soutenue.', 'personalite'),
(34, 0, 'Vous supportez mal la proximité physique des autres.', 'personalite'),
(35, 0, 'Vous n’aimez pas qu’on choisisse à votre place.', 'personalite'),
(36, 0, 'Vous ne divulguez jamais d’informations professionnelles confidentielles en dehors de votre service.', 'personalite'),
(37, 0, 'Vous tenez à respecter vos engagements.', 'personalite'),
(38, 0, 'Vous pensez que c’est nécessaire de vous organiser dans votre travail pour vous y retrouver.', 'personalite'),
(39, 0, 'Vous n’aimez pas faire les choses à moitié.', 'personalite'),
(40, 0, 'Vous vérifiez régulièrement votre vue.', 'personalite'),
(41, 0, 'Vous supportez mal les contraintes sociales imposées par la politesse.', 'personalite'),
(42, 0, 'Vous trouvez cela normal de faire des appels téléphoniques de longue distance de votre lieu de travail.', 'personalite'),
(43, 0, 'La hiérarchie ne sert pas souvent à grand-chose.', 'personalite'),
(44, 0, 'Vous êtes de ceux qui pensent qu’un citoyen n’a pas que des droits.', 'personalite'),
(45, 0, 'La précision n’est jamais une perte de temps.', 'personalite'),
(46, 0, 'IMMIXTION', 'psy'),
(47, 0, 'ARBORER', 'psy'),
(48, 0, 'HÉRÉDITÉ', 'psy'),
(49, 0, 'PROSPECTER', 'psy'),
(50, 0, 'ÉRADIQUER', 'psy'),
(51, 0, 'STIPULATION', 'psy'),
(52, 0, 'AVÉRÉ', 'psy'),
(53, 0, 'STIPULATION', 'psy'),
(54, 0, 'CONJONCTURE', 'psy'),
(55, 0, 'ÉTIQUE', 'psy'),
(56, 0, 'ITÉRATIF', 'psy'),
(57, 0, 'CONSOLE', 'psy'),
(58, 0, 'BRIGUE', 'psy'),
(59, 0, 'MANGOUSTE', 'psy'),
(60, 0, 'SOLILOQUE', 'psy'),
(61, 0, 'OMBLE', 'psy'),
(62, 0, 'Tout le monde disait qu’il avait la curiosité d’une personne néophyte dans ce domaine.', 'psy'),
(63, 0, 'Son ton devenait acerbe au fur et à mesure de la conversation.', 'psy'),
(64, 0, 'Les conséquences de la tempête sont incommensurables.', 'psy'),
(65, 0, 'Elle montrait de l’inclination pour les sciences.', 'psy'),
(66, 0, 'Ce travail est lucratif.', 'psy'),
(67, 0, 'L’instructeur faisait une distribution parcimonieuse de feuilles de brouillon.', 'psy'),
(68, 0, 'Cet élève a une prononciation rédhibitoire pour devenir interprète.', 'psy'),
(69, 0, 'Des mesures drastiques ont été adoptées pour lutter contre la pollution.', 'psy'),
(70, 0, 'Les affaires sont restées en souffrance.', 'psy'),
(71, 0, 'Il avait des manières obséquieuses.', 'psy'),
(72, 0, 'Le bruit des vagues était encore plus paresseux qu’à midi. Il y avait deux heures que la journée n’avançait plus, deux heures qu’elles avaient jetées l’ancre dans un océan de métal bouillant.', 'psy'),
(73, 0, 'Cette pauvre ruine d’hier, aussi délabrée que si elle eut milles ans, ruine de plâtre, toute ridée, toute gersée, n’inspirait aucun respect.', 'psy'),
(74, 0, 'Il est de bon ton, par les temps qui courrent, d’exhalter l’école républicaine comme seul rempart à la barbarie montante, que celle-ci soit le fait du pouvoir des médias, de la croissance des intolérances, du racisme et de l’indifférence. Quoi que le problème soit la plupart du temps fort mal posé, il n’y en a pas moins là une difficulté réelle.', 'psy'),
(75, 0, 'La peur alimentaire est innérente à notre nature homnivore.', 'psy'),
(76, 0, 'Il y a toujours des gens pour porter systématiquement aux nus l’écrivain qu’une certaines critique jète aux chiens ou pour faire la mou au contraire devant une réussite commerciale.', 'psy'),
(77, 0, 'Mme Coqueteau doit disposer les 78 œufs de ses poules dans des boîtes de 12 œufs. Combien de boîtes seront nécessaires ?', 'psy'),
(78, 0, 'Si les 12 œufs sont vendus 1,8 €, combien coûtent 14 œufs ?', 'psy'),
(79, 0, 'Gladys  a préparé un gâteau qu’elle partage avec ses invités suivant l’appétit de chacun : Antoine en prend les 2/5, Nina 1/3 et Gladys ¼. Elle constate alors que la petite Aurélie n’est pas servie, que lui restera-t-il ?', 'psy'),
(80, 0, 'Mon frère et moi avons 300 €. J’en ai dépensé les deux tiers. Mon frère a dépensé l’équivalent d’un quart de ce que j’ai dépensé. Combien nous reste-t-il ?', 'psy'),
(81, 0, 'Je viens d’acheter un abonnement Netflix au prix bon marché de 9,50€. J’ai en effet bénéficié d’une remise de 28% sur le prix d’origine de l’abonnement. Justement, quel est, au dixième d’euro près, le prix d’origine (sans remise) de cet abonnement ?', 'psy'),
(82, 0, 'Pour creuser un fossé, 50 ouvriers travaillent pendant 142 jours. Combien de temps devraient travailler 30 ouvriers pour creuser ce même fossé ?', 'psy'),
(83, 0, 'Un automobiliste parcours 60 km en 45 minutes. Quelles est sa vitesse en km/h ?', 'psy'),
(84, 0, 'Quel est l’entier le plus proche de 125% de 25 ?', 'psy'),
(85, 0, 'Si A = 3 et B = 7, que vaut 3 A3 – 2 B² + 2 AB – 4 ?', 'psy'),
(86, 0, 'Que vaut 130% de 130 ?', 'psy'),
(87, 0, 'Le prix de quatre pastèques et d’un melon est de dix-neuf dirhams. Le prix de quatre melons est égal au prix de trois pastèques. Quel est le prix d’une pastèque ?', 'psy'),
(88, 0, 'Un magasin d’accessoires vend des écharpes le matin à 40 € l’unité. Le cumul des ventes du matin s’élève à 6 800 €. A midi, le prix des écharpes n’est plus que de 30 € l’unité et trois fois plus d’écharpes sont vendues durant l’après-midi. A combien s’élève le chiffre d’affaires de la journée ?', 'psy'),
(89, 0, 'Aude, Carl et Elise prennent chacun deux comprimés de vitamine par jours tandis que Guillaume n’en prend qu’un seul. De cette façon, un flacon de comprimés dure 24 jours pour les 4 personnes. Si Guillaume en prenait aussi deux par jours, combien de jours durerait un flacon de comprimés ?', 'psy'),
(90, 0, 'Un nombre palindrome est un nombre qui ne change pas si l’ordre de ses chiffres est inversé. Ainsi 2 002 et 545 sont des nombres palindromes. Le compteur kilométrique de ma moto indique actuellement 12 345 km. Combien de kilomètres dois-je rouler au minimum afin que le nombre indiqué soit un palindrome ?', 'psy'),
(91, 0, 'Une piscine est longue de 8 mètres, large de 6 mètres et haute de 2,5 mètres. Quelle valeur faut-il ajouter à sa hauteur pour augmenter son volume de 60 mètres cubes ?', 'psy'),
(92, 0, 'Une piscine est longue de 8 mètres, large de 6 mètres et haute de 2,5 mètres. Quelle valeur faut-il ajouter à sa hauteur pour augmenter son volume de 60 mètres cubes ?', 'psy'),
(93, 0, 'Une piscine est longue de 8 mètres, large de 6 mètres et haute de 2,5 mètres. Quelle valeur faut-il ajouter à sa hauteur pour augmenter son volume de 60 mètres cubes ?', 'psy'),
(94, 0, 'Une piscine est longue de 8 mètres, large de 6 mètres et haute de 2,5 mètres. Quelle valeur faut-il ajouter à sa hauteur pour augmenter son volume de 60 mètres cubes ?', 'psy'),
(95, 0, 'Une piscine est longue de 8 mètres, large de 6 mètres et haute de 2,5 mètres. Quelle valeur faut-il ajouter à sa hauteur pour augmenter son volume de 60 mètres cubes ?', 'psy'),
(96, 0, 'Une piscine est longue de 8 mètres, large de 6 mètres et haute de 2,5 mètres. Quelle valeur faut-il ajouter à sa hauteur pour augmenter son volume de 60 mètres cubes ?', 'psy'),
(97, 0, 'Une piscine est longue de 8 mètres, large de 6 mètres et haute de 2,5 mètres. Quelle valeur faut-il ajouter à sa hauteur pour augmenter son volume de 60 mètres cubes ?', 'psy'),
(98, 0, 'Une piscine est longue de 8 mètres, large de 6 mètres et haute de 2,5 mètres. Quelle valeur faut-il ajouter à sa hauteur pour augmenter son volume de 60 mètres cubes ?', 'psy'),
(99, 0, 'Une piscine est longue de 8 mètres, large de 6 mètres et haute de 2,5 mètres. Quelle valeur faut-il ajouter à sa hauteur pour augmenter son volume de 60 mètres cubes ?', 'psy'),
(100, 0, 'Une piscine est longue de 8 mètres, large de 6 mètres et haute de 2,5 mètres. Quelle valeur faut-il ajouter à sa hauteur pour augmenter son volume de 60 mètres cubes ?', 'psy'),
(101, 0, 'Une piscine est longue de 8 mètres, large de 6 mètres et haute de 2,5 mètres. Quelle valeur faut-il ajouter à sa hauteur pour augmenter son volume de 60 mètres cubes ?', 'psy'),
(102, 0, 'Une piscine est longue de 8 mètres, large de 6 mètres et haute de 2,5 mètres. Quelle valeur faut-il ajouter à sa hauteur pour augmenter son volume de 60 mètres cubes ?', 'psy'),
(103, 0, 'Une piscine est longue de 8 mètres, large de 6 mètres et haute de 2,5 mètres. Quelle valeur faut-il ajouter à sa hauteur pour augmenter son volume de 60 mètres cubes ?', 'psy'),
(104, 0, 'Une piscine est longue de 8 mètres, large de 6 mètres et haute de 2,5 mètres. Quelle valeur faut-il ajouter à sa hauteur pour augmenter son volume de 60 mètres cubes ?', 'psy'),
(105, 0, 'Une piscine est longue de 8 mètres, large de 6 mètres et haute de 2,5 mètres. Quelle valeur faut-il ajouter à sa hauteur pour augmenter son volume de 60 mètres cubes ?', 'psy'),
(106, 0, 'Une piscine est longue de 8 mètres, large de 6 mètres et haute de 2,5 mètres. Quelle valeur faut-il ajouter à sa hauteur pour augmenter son volume de 60 mètres cubes ?', 'psy'),
(107, 0, 'Une piscine est longue de 8 mètres, large de 6 mètres et haute de 2,5 mètres. Quelle valeur faut-il ajouter à sa hauteur pour augmenter son volume de 60 mètres cubes ?', 'psy'),
(108, 0, 'Une piscine est longue de 8 mètres, large de 6 mètres et haute de 2,5 mètres. Quelle valeur faut-il ajouter à sa hauteur pour augmenter son volume de 60 mètres cubes ?', 'psy'),
(109, 0, 'Une piscine est longue de 8 mètres, large de 6 mètres et haute de 2,5 mètres. Quelle valeur faut-il ajouter à sa hauteur pour augmenter son volume de 60 mètres cubes ?', 'psy'),
(110, 0, 'Une piscine est longue de 8 mètres, large de 6 mètres et haute de 2,5 mètres. Quelle valeur faut-il ajouter à sa hauteur pour augmenter son volume de 60 mètres cubes ?', 'psy'),
(111, 0, 'Une piscine est longue de 8 mètres, large de 6 mètres et haute de 2,5 mètres. Quelle valeur faut-il ajouter à sa hauteur pour augmenter son volume de 60 mètres cubes ?', 'psy'),
(112, 0, 'Une piscine est longue de 8 mètres, large de 6 mètres et haute de 2,5 mètres. Quelle valeur faut-il ajouter à sa hauteur pour augmenter son volume de 60 mètres cubes ?', 'psy'),
(113, 0, 'Une piscine est longue de 8 mètres, large de 6 mètres et haute de 2,5 mètres. Quelle valeur faut-il ajouter à sa hauteur pour augmenter son volume de 60 mètres cubes ?', 'psy'),
(114, 0, 'Une piscine est longue de 8 mètres, large de 6 mètres et haute de 2,5 mètres. Quelle valeur faut-il ajouter à sa hauteur pour augmenter son volume de 60 mètres cubes ?', 'psy'),
(115, 0, 'Une piscine est longue de 8 mètres, large de 6 mètres et haute de 2,5 mètres. Quelle valeur faut-il ajouter à sa hauteur pour augmenter son volume de 60 mètres cubes ?', 'psy'),
(116, 0, 'Une piscine est longue de 8 mètres, large de 6 mètres et haute de 2,5 mètres. Quelle valeur faut-il ajouter à sa hauteur pour augmenter son volume de 60 mètres cubes ?', 'psy'),
(117, 0, 'Une piscine est longue de 8 mètres, large de 6 mètres et haute de 2,5 mètres. Quelle valeur faut-il ajouter à sa hauteur pour augmenter son volume de 60 mètres cubes ?', 'psy'),
(118, 0, 'Une piscine est longue de 8 mètres, large de 6 mètres et haute de 2,5 mètres. Quelle valeur faut-il ajouter à sa hauteur pour augmenter son volume de 60 mètres cubes ?', 'psy'),
(119, 0, 'Une piscine est longue de 8 mètres, large de 6 mètres et haute de 2,5 mètres. Quelle valeur faut-il ajouter à sa hauteur pour augmenter son volume de 60 mètres cubes ?', 'psy'),
(120, 0, 'Une piscine est longue de 8 mètres, large de 6 mètres et haute de 2,5 mètres. Quelle valeur faut-il ajouter à sa hauteur pour augmenter son volume de 60 mètres cubes ?', 'psy'),
(121, 0, 'Une piscine est longue de 8 mètres, large de 6 mètres et haute de 2,5 mètres. Quelle valeur faut-il ajouter à sa hauteur pour augmenter son volume de 60 mètres cubes ?', 'psy'),
(122, 0, 'Qu’est-ce qu’une convention collective ?\r\n', 'metier'),
(123, 0, 'L’entretien d’évaluation individuel annuel est-il obligatoire ?', 'metier'),
(124, 0, 'Que permet l’entretien professionnel ?', 'metier'),
(125, 0, 'Que contient une fiche de poste ?', 'metier'),
(126, 0, 'Qu’est-ce qu’une formation continue ?', 'metier'),
(127, 0, 'A quoi sert la Gestion Prévisionnelle des Emplois et Compétences (GPEC) ?', 'metier'),
(128, 0, 'Parmi ces facteurs, lequel n’est pas un indicateur social, permettant pour le responsable RH de déterminer le climat social de l’entreprise ?', 'metier'),
(129, 0, 'Qu’est-ce que la mobilité dans une entreprise ?\r\n', 'metier'),
(130, 0, 'Selon les normes reconnues, la qualité c’est ?', 'metier'),
(131, 0, 'Laquelle des assertions suivante est exacte ?', 'metier'),
(132, 0, 'Par définition, un processus est…', 'metier'),
(133, 0, 'Quelle affirmation suivante est vraie ?', 'metier'),
(134, 0, 'Parmi les documents suivants, un seul n’est pas explicitement requis par la norme ISO 9001 ?', 'metier'),
(135, 0, 'Un diagramme de Pareto est à utiliser pour ?', 'metier'),
(136, 0, 'La technique popularisée sous le sigle QQCOQP signifiant « Quoi, Qui, Comment, Où, Quand, Pourquoi » a pour objet ?', 'metier'),
(137, 0, 'En cas de danger imminent, les salariés peuvent ?', 'metier'),
(138, 0, 'Laquelle de ces formules de calcul du résultat net comptable (RNC) est correcte ?', 'metier'),
(139, 0, 'Parmi les 4 postes suivants, lequel ne peut faire l’objet d’une provision ?', 'metier'),
(140, 0, 'Le montant des dépréciations de l’exercice figure ?', 'metier'),
(141, 0, 'Un bien figurant au bilan pour une valeur nulle signifie ?', 'metier'),
(142, 0, 'Dans le référentiel comptable français, les éléments au passif sont plutôt présentés selon quelle logique ?', 'metier'),
(143, 0, 'A l’aide d’une balance, les soldes des comptes 1 à 5 permettent…', 'metier'),
(144, 0, 'Qu’est-ce que la DEB (déclaration d’échanges de biens) ?', 'metier');

--
-- Index pour les tables déchargées
--

--
-- Index pour la table `Admin-Pédagogie`
--
ALTER TABLE `Admin-Pédagogie`
  ADD PRIMARY KEY (`id_pedago`);

--
-- Index pour la table `answers`
--
ALTER TABLE `answers`
  ADD PRIMARY KEY (`id`),
  ADD KEY `question_id` (`question_id`);

--
-- Index pour la table `Candidates`
--
ALTER TABLE `Candidates`
  ADD PRIMARY KEY (`id_candidate`);

--
-- Index pour la table `metier`
--
ALTER TABLE `metier`
  ADD PRIMARY KEY (`id`);

--
-- Index pour la table `questions`
--
ALTER TABLE `questions`
  ADD PRIMARY KEY (`id`),
  ADD KEY `id_metier` (`id_metier`);

--
-- AUTO_INCREMENT pour les tables déchargées
--

--
-- AUTO_INCREMENT pour la table `Admin-Pédagogie`
--
ALTER TABLE `Admin-Pédagogie`
  MODIFY `id_pedago` int(11) NOT NULL AUTO_INCREMENT;

--
-- AUTO_INCREMENT pour la table `answers`
--
ALTER TABLE `answers`
  MODIFY `id` int(11) NOT NULL AUTO_INCREMENT, AUTO_INCREMENT=697;

--
-- AUTO_INCREMENT pour la table `Candidates`
--
ALTER TABLE `Candidates`
  MODIFY `id_candidate` int(11) NOT NULL AUTO_INCREMENT, AUTO_INCREMENT=18;

--
-- AUTO_INCREMENT pour la table `questions`
--
ALTER TABLE `questions`
  MODIFY `id` int(11) NOT NULL AUTO_INCREMENT, AUTO_INCREMENT=145;

--
-- Contraintes pour les tables déchargées
--

--
-- Contraintes pour la table `answers`
--
ALTER TABLE `answers`
  ADD CONSTRAINT `answers_ibfk_1` FOREIGN KEY (`question_id`) REFERENCES `questions` (`id`) ON DELETE CASCADE;
